"Playerxlsx_5986","newplayerTeamData_1684","0.7999999999999999"
"Playerxlsx_5965","newplayerTeamData_1687","0.7999999999999999"
"Playerxlsx_12022","newplayerTeamData_1684","0.7999999999999999"
"Playerxlsx_6830","newplayerTeamData_1145","0.7999999999999999"
"Playerxlsx_12021","newplayerTeamData_1671","0.7999999999999999"
"Playerxlsx_12020","newplayerTeamData_1671","0.7999999999999999"
"Playerxlsx_10781","newplayerTeamData_1436","0.7999999999999999"
"Playerxlsx_4377","newplayerTeamData_1454","0.7999999999999999"
"Playerxlsx_4377","newplayerTeamData_1453","0.7999999999999999"
"Playerxlsx_1516","newplayerTeamData_1063","0.7999999999999999"
"Playerxlsx_4377","newplayerTeamData_1476","0.7999999999999999"
"Playerxlsx_9329","newplayerTeamData_1223","0.7999999999999999"
"Playerxlsx_7043","newplayerTeamData_1648","0.7999999999999999"
"Playerxlsx_9725","newplayerTeamData_1523","0.7999999999999999"
"Playerxlsx_9719","newplayerTeamData_1518","0.7999999999999999"
"Playerxlsx_9721","newplayerTeamData_1517","0.7999999999999999"
"Playerxlsx_9709","newplayerTeamData_1516","0.7999999999999999"
"Playerxlsx_9709","newplayerTeamData_1514","0.7999999999999999"
"Playerxlsx_3090","newplayerTeamData_1507","0.7999999999999999"
"Playerxlsx_9709","newplayerTeamData_1528","0.7999999999999999"
"Playerxlsx_2903","newplayerTeamData_1128","0.7999999999999999"
"Playerxlsx_11793","newplayerTeamData_1113","0.7999999999999999"
"Playerxlsx_11793","newplayerTeamData_1112","0.7999999999999999"
"Playerxlsx_10348","newplayerTeamData_1168","0.7999999999999999"
"Playerxlsx_8008","newplayerTeamData_1192","0.9999999999999999"
"Playerxlsx_10311","newplayerTeamData_1171","0.7999999999999999"
"Playerxlsx_1837","newplayerTeamData_1517","0.9999999999999999"
"Playerxlsx_8209","newplayerTeamData_1599","0.7999999999999999"
"Playerxlsx_11805","newplayerTeamData_1017","0.7999999999999999"
"Playerxlsx_4282","newplayerTeamData_1203","0.7999999999999999"
"Playerxlsx_9891","newplayerTeamData_1622","0.7999999999999999"
"Playerxlsx_9515","newplayerTeamData_1514","0.7999999999999999"
"Playerxlsx_9515","newplayerTeamData_1516","0.7999999999999999"
"Playerxlsx_9135","newplayerTeamData_1060","0.7999999999999999"
"Playerxlsx_9135","newplayerTeamData_1048","0.7999999999999999"
"Playerxlsx_9515","newplayerTeamData_1528","0.7999999999999999"
"Playerxlsx_9490","newplayerTeamData_1266","0.7999999999999999"
"Playerxlsx_1431","newplayerTeamData_1070","0.7999999999999999"
"Playerxlsx_9135","newplayerTeamData_1168","0.7999999999999999"
"Playerxlsx_1487","newplayerTeamData_1070","0.7999999999999999"
"Playerxlsx_7043","newplayerTeamData_1724","0.7999999999999999"
"Playerxlsx_7043","newplayerTeamData_1735","0.7999999999999999"
"Playerxlsx_7043","newplayerTeamData_1734","0.7999999999999999"
"Playerxlsx_10297","newplayerTeamData_1110","0.7999999999999999"
"Playerxlsx_10296","newplayerTeamData_1110","0.7999999999999999"
"Playerxlsx_11737","newplayerTeamData_1070","0.7999999999999999"
"Playerxlsx_10708","newplayerTeamData_1594","0.7999999999999999"
"Playerxlsx_10304","newplayerTeamData_1070","0.7999999999999999"
"Playerxlsx_5976","newplayerTeamData_1717","0.7999999999999999"
"Playerxlsx_10348","newplayerTeamData_1060","0.7999999999999999"
"Playerxlsx_10348","newplayerTeamData_1048","0.7999999999999999"
"Playerxlsx_12019","newplayerTeamData_1721","0.7999999999999999"
"Playerxlsx_12019","newplayerTeamData_1476","0.7999999999999999"
"Playerxlsx_10702","newplayerTeamData_1623","0.7999999999999999"
"Playerxlsx_5998","newplayerTeamData_1460","0.7999999999999999"
"Playerxlsx_5999","newplayerTeamData_1460","0.7999999999999999"
"Playerxlsx_11721","newplayerTeamData_1234","0.7999999999999999"
"Playerxlsx_12019","newplayerTeamData_1453","0.7999999999999999"
"Playerxlsx_12019","newplayerTeamData_1454","0.7999999999999999"
"Playerxlsx_5998","newplayerTeamData_1482","0.7999999999999999"
"Playerxlsx_5999","newplayerTeamData_1482","0.7999999999999999"
"Playerxlsx_5965","newplayerTeamData_1441","0.7999999999999999"
"Playerxlsx_10348","newplayerTeamData_1237","0.7999999999999999"
"Playerxlsx_11721","newplayerTeamData_1278","0.7999999999999999"
"Playerxlsx_4618","newplayerTeamData_1528","0.7999999999999999"
"Playerxlsx_4618","newplayerTeamData_1516","0.7999999999999999"
"Playerxlsx_4618","newplayerTeamData_1514","0.7999999999999999"
"Playerxlsx_5976","newplayerTeamData_1471","0.7999999999999999"
"Playerxlsx_3206","newplayerTeamData_1518","0.7999999999999999"
"Playerxlsx_10348","newplayerTeamData_1265","0.7999999999999999"
"Playerxlsx_9484","newplayerTeamData_1075","0.7999999999999999"
"Playerxlsx_2898","newplayerTeamData_1278","0.7999999999999999"
"Playerxlsx_10676","newplayerTeamData_1135","0.7999999999999999"
"Playerxlsx_11751","newplayerTeamData_1202","0.7999999999999999"
"Playerxlsx_9873","newplayerTeamData_1442","0.7999999999999999"
"Playerxlsx_9873","newplayerTeamData_1445","0.7999999999999999"
"Playerxlsx_9896","newplayerTeamData_1509","0.7999999999999999"
"Playerxlsx_2897","newplayerTeamData_1251","0.7999999999999999"
"Playerxlsx_10334","newplayerTeamData_1219","0.7999999999999999"
"Playerxlsx_2897","newplayerTeamData_1231","0.7999999999999999"
"Playerxlsx_1469","newplayerTeamData_1252","0.7999999999999999"
"Playerxlsx_8495","newplayerTeamData_1516","0.7999999999999999"
"Playerxlsx_8495","newplayerTeamData_1514","0.7999999999999999"
"Playerxlsx_9896","newplayerTeamData_1521","0.7999999999999999"
"Playerxlsx_8495","newplayerTeamData_1528","0.7999999999999999"
"Playerxlsx_8483","newplayerTeamData_1517","0.7999999999999999"
"Playerxlsx_9892","newplayerTeamData_1518","0.7999999999999999"
"Playerxlsx_2898","newplayerTeamData_1234","0.7999999999999999"
"Playerxlsx_9896","newplayerTeamData_1530","0.7999999999999999"
"Playerxlsx_9135","newplayerTeamData_1265","0.7999999999999999"
"Playerxlsx_9135","newplayerTeamData_1237","0.7999999999999999"
"Playerxlsx_9916","newplayerTeamData_1528","0.7999999999999999"
"Playerxlsx_9913","newplayerTeamData_1525","0.9999999999999999"
"Playerxlsx_4273","newplayerTeamData_1076","0.7999999999999999"
"Playerxlsx_11793","newplayerTeamData_1368","0.7999999999999999"
"Playerxlsx_9916","newplayerTeamData_1514","0.7999999999999999"
"Playerxlsx_9916","newplayerTeamData_1516","0.7999999999999999"
"Playerxlsx_8000","newplayerTeamData_1171","0.7999999999999999"
"Playerxlsx_5699","newplayerTeamData_1075","0.7999999999999999"
"Playerxlsx_5965","newplayerTeamData_1539","0.7999999999999999"
"Playerxlsx_3124","newplayerTeamData_1521","0.7999999999999999"
"Playerxlsx_12015","newplayerTeamData_1599","0.7999999999999999"
"Playerxlsx_3124","newplayerTeamData_1509","0.7999999999999999"
"Playerxlsx_10812","newplayerTeamData_1643","0.7999999999999999"
"Playerxlsx_9905","newplayerTeamData_1419","0.7999999999999999"
"Playerxlsx_1617","newplayerTeamData_1074","0.7999999999999999"
"Playerxlsx_6907","newplayerTeamData_1164","0.7999999999999999"
"Playerxlsx_10676","newplayerTeamData_1007","0.7999999999999999"
"Playerxlsx_10676","newplayerTeamData_1015","0.7999999999999999"
"Playerxlsx_1643","newplayerTeamData_1075","0.7999999999999999"
"Playerxlsx_9788","newplayerTeamData_1510","0.9999999999999999"
"Playerxlsx_4377","newplayerTeamData_1721","0.7999999999999999"
"Playerxlsx_1687","newplayerTeamData_1075","0.7999999999999999"
"Playerxlsx_1783","newplayerTeamData_1044","0.7999999999999999"
"Playerxlsx_9847","newplayerTeamData_1528","0.7999999999999999"
"Playerxlsx_9847","newplayerTeamData_1514","0.7999999999999999"
"Playerxlsx_9847","newplayerTeamData_1516","0.7999999999999999"
"Playerxlsx_1617","newplayerTeamData_1105","0.7999999999999999"
"Playerxlsx_8397","newplayerTeamData_1599","0.7999999999999999"
"Playerxlsx_1668","newplayerTeamData_1070","0.7999999999999999"
"Playerxlsx_8489","newplayerTeamData_1460","0.7999999999999999"
"Playerxlsx_7026","newplayerTeamData_1514","0.7999999999999999"
"Playerxlsx_7026","newplayerTeamData_1516","0.7999999999999999"
"Playerxlsx_7026","newplayerTeamData_1528","0.7999999999999999"
"Playerxlsx_8489","newplayerTeamData_1482","0.7999999999999999"
"Playerxlsx_6756","newplayerTeamData_1208","0.7999999999999999"
"Playerxlsx_6907","newplayerTeamData_1057","0.7999999999999999"
"Playerxlsx_9263","newplayerTeamData_1211","0.7999999999999999"
"Playerxlsx_12022","newplayerTeamData_1515","0.7999999999999999"
"Playerxlsx_2901","newplayerTeamData_1211","0.7999999999999999"
"Playerxlsx_9436","newplayerTeamData_1018","0.7999999999999999"
"Playerxlsx_5990","newplayerTeamData_1513","0.9999999999999999"
"Playerxlsx_10297","newplayerTeamData_1374","0.7999999999999999"
"Playerxlsx_10296","newplayerTeamData_1374","0.7999999999999999"
"Playerxlsx_5986","newplayerTeamData_1515","0.9999999999999999"
"Playerxlsx_4091","newplayerTeamData_1171","0.7999999999999999"
"Playerxlsx_4665","newplayerTeamData_1435","0.7999999999999999"
"Playerxlsx_5979","newplayerTeamData_1518","0.7999999999999999"
"Playerxlsx_5987","newplayerTeamData_1523","0.7999999999999999"
"Playerxlsx_5599","newplayerTeamData_1049","0.7999999999999999"
"Playerxlsx_5970","newplayerTeamData_1507","0.7999999999999999"
"Playerxlsx_3124","newplayerTeamData_1530","0.7999999999999999"
"Playerxlsx_1552","newplayerTeamData_1544","0.7999999999999999"
"Playerxlsx_1548","newplayerTeamData_1594","0.7999999999999999"
"Playerxlsx_5963","newplayerTeamData_1207","0.7999999999999999"
"Playerxlsx_5963","newplayerTeamData_1214","0.7999999999999999"
"Playerxlsx_5951","newplayerTeamData_1234","0.7999999999999999"
"Playerxlsx_5894","newplayerTeamData_1168","0.7999999999999999"
"Playerxlsx_8000","newplayerTeamData_1735","0.7999999999999999"
"Playerxlsx_8000","newplayerTeamData_1734","0.7999999999999999"
"Playerxlsx_4582","newplayerTeamData_1265","0.7999999999999999"
"Playerxlsx_10772","newplayerTeamData_1044","0.7999999999999999"
"Playerxlsx_12022","newplayerTeamData_1275","0.7999999999999999"
"Playerxlsx_12015","newplayerTeamData_1268","0.7999999999999999"
"Playerxlsx_4582","newplayerTeamData_1237","0.7999999999999999"
"Playerxlsx_8000","newplayerTeamData_1724","0.7999999999999999"
"Playerxlsx_10309","newplayerTeamData_1463","0.7999999999999999"
"Playerxlsx_12020","newplayerTeamData_1253","0.7999999999999999"
"Playerxlsx_12021","newplayerTeamData_1253","0.7999999999999999"
"Playerxlsx_10300","newplayerTeamData_1460","0.7999999999999999"
"Playerxlsx_4091","newplayerTeamData_1648","0.7999999999999999"
"Playerxlsx_5951","newplayerTeamData_1278","0.7999999999999999"
"Playerxlsx_10300","newplayerTeamData_1482","0.7999999999999999"
"Playerxlsx_5986","newplayerTeamData_1275","0.7999999999999999"
"Playerxlsx_6705","newplayerTeamData_1463","0.7999999999999999"
"Playerxlsx_10296","newplayerTeamData_1465","0.7999999999999999"
"Playerxlsx_10297","newplayerTeamData_1464","0.7999999999999999"
"Playerxlsx_10297","newplayerTeamData_1465","0.7999999999999999"
"Playerxlsx_10296","newplayerTeamData_1464","0.7999999999999999"
"Playerxlsx_5894","newplayerTeamData_1048","0.7999999999999999"
"Playerxlsx_5894","newplayerTeamData_1060","0.7999999999999999"
"Playerxlsx_10970","newplayerTeamData_1214","0.7999999999999999"
"Playerxlsx_9709","newplayerTeamData_1070","0.7999999999999999"
"Playerxlsx_10970","newplayerTeamData_1207","0.7999999999999999"
"Playerxlsx_8397","newplayerTeamData_1268","0.7999999999999999"
"Playerxlsx_8167","newplayerTeamData_1025","0.7999999999999999"
"Playerxlsx_1514","newplayerTeamData_1594","0.7999999999999999"
"Playerxlsx_1515","newplayerTeamData_1594","0.7999999999999999"
"Playerxlsx_9329","newplayerTeamData_1688","0.7999999999999999"
"Playerxlsx_2992","newplayerTeamData_1512","0.9999999999999999"
"Playerxlsx_4377","newplayerTeamData_1105","0.7999999999999999"
"Playerxlsx_9176","newplayerTeamData_1554","0.9999999999999999"
"Playerxlsx_9515","newplayerTeamData_1070","0.7999999999999999"
"Playerxlsx_1617","newplayerTeamData_1721","0.7999999999999999"
"Playerxlsx_1589","newplayerTeamData_1400","0.7999999999999999"
"Playerxlsx_1728","newplayerTeamData_1649","0.7999999999999999"
"Playerxlsx_9176","newplayerTeamData_1574","0.7999999999999999"
"Playerxlsx_10299","newplayerTeamData_1506","0.9999999999999999"
"Playerxlsx_11707","newplayerTeamData_1544","0.7999999999999999"
"Playerxlsx_9421","newplayerTeamData_1634","0.7999999999999999"
"Playerxlsx_5976","newplayerTeamData_1378","0.7999999999999999"
"Playerxlsx_4091","newplayerTeamData_1735","0.7999999999999999"
"Playerxlsx_4091","newplayerTeamData_1734","0.7999999999999999"
"Playerxlsx_9436","newplayerTeamData_1635","0.7999999999999999"
"Playerxlsx_4091","newplayerTeamData_1724","0.7999999999999999"
"Playerxlsx_5321","newplayerTeamData_1593","0.7999999999999999"
"Playerxlsx_5976","newplayerTeamData_1370","0.7999999999999999"
"Playerxlsx_9436","newplayerTeamData_1625","0.7999999999999999"
"Playerxlsx_9594","newplayerTeamData_1079","0.9999999999999999"
"Playerxlsx_10295","newplayerTeamData_1511","0.7999999999999999"
"Playerxlsx_10255","newplayerTeamData_1509","0.7999999999999999"
"Playerxlsx_8000","newplayerTeamData_1648","0.7999999999999999"
"Playerxlsx_8180","newplayerTeamData_1099","0.7999999999999999"
"Playerxlsx_10255","newplayerTeamData_1521","0.7999999999999999"
"Playerxlsx_9905","newplayerTeamData_1266","0.7999999999999999"
"Playerxlsx_10255","newplayerTeamData_1530","0.7999999999999999"
"Playerxlsx_11774","newplayerTeamData_1507","0.7999999999999999"
"Playerxlsx_11737","newplayerTeamData_1528","0.7999999999999999"
"Playerxlsx_11737","newplayerTeamData_1516","0.7999999999999999"
"Playerxlsx_11737","newplayerTeamData_1514","0.7999999999999999"
"Playerxlsx_11793","newplayerTeamData_1448","0.7999999999999999"
"Playerxlsx_11793","newplayerTeamData_1480","0.7999999999999999"
"Playerxlsx_10304","newplayerTeamData_1528","0.7999999999999999"
"Playerxlsx_10304","newplayerTeamData_1516","0.7999999999999999"
"Playerxlsx_10304","newplayerTeamData_1514","0.7999999999999999"
"Playerxlsx_1487","newplayerTeamData_1516","0.7999999999999999"
"Playerxlsx_1487","newplayerTeamData_1514","0.7999999999999999"
"Playerxlsx_1487","newplayerTeamData_1528","0.7999999999999999"
"Playerxlsx_4377","newplayerTeamData_1074","0.9999999999999999"
"Playerxlsx_8351","newplayerTeamData_1382","0.7999999999999999"
"Playerxlsx_8351","newplayerTeamData_1383","0.7999999999999999"
"Playerxlsx_4373","newplayerTeamData_1076","0.7999999999999999"
"Playerxlsx_9263","newplayerTeamData_1432","0.7999999999999999"
"Playerxlsx_1431","newplayerTeamData_1528","0.7999999999999999"
"Playerxlsx_1431","newplayerTeamData_1516","0.7999999999999999"
"Playerxlsx_1431","newplayerTeamData_1514","0.7999999999999999"
"Playerxlsx_2901","newplayerTeamData_1432","0.7999999999999999"
"Playerxlsx_8167","newplayerTeamData_1101","0.7999999999999999"
"Playerxlsx_8495","newplayerTeamData_1070","0.7999999999999999"
"Playerxlsx_5549","newplayerTeamData_1494","0.7999999999999999"
"Playerxlsx_9873","newplayerTeamData_1001","0.7999999999999999"
"Playerxlsx_8209","newplayerTeamData_1268","0.7999999999999999"
"Playerxlsx_1466","newplayerTeamData_1668","0.7999999999999999"
"Playerxlsx_9478","newplayerTeamData_1507","0.7999999999999999"
"Playerxlsx_4174","newplayerTeamData_1491","0.7999999999999999"
"Playerxlsx_5996","newplayerTeamData_1020","0.7999999999999999"
"Playerxlsx_11793","newplayerTeamData_1714","0.7999999999999999"
"Playerxlsx_4618","newplayerTeamData_1070","0.7999999999999999"
"Playerxlsx_12018","newplayerTeamData_1017","0.7999999999999999"
"Playerxlsx_12017","newplayerTeamData_1017","0.7999999999999999"
"Playerxlsx_9430","newplayerTeamData_1517","0.7999999999999999"
"Playerxlsx_12021","newplayerTeamData_1014","0.7999999999999999"
"Playerxlsx_12020","newplayerTeamData_1014","0.7999999999999999"
"Playerxlsx_9916","newplayerTeamData_1070","0.7999999999999999"
"Playerxlsx_10311","newplayerTeamData_1648","0.7999999999999999"
"Playerxlsx_5653","newplayerTeamData_1523","0.7999999999999999"
"Playerxlsx_1631","newplayerTeamData_1477","0.7999999999999999"
"Playerxlsx_1617","newplayerTeamData_1476","0.7999999999999999"
"Playerxlsx_1617","newplayerTeamData_1454","0.7999999999999999"
"Playerxlsx_1617","newplayerTeamData_1453","0.7999999999999999"
"Playerxlsx_9263","newplayerTeamData_1654","0.7999999999999999"
"Playerxlsx_9787","newplayerTeamData_1076","0.7999999999999999"
"Playerxlsx_1658","newplayerTeamData_1523","0.7999999999999999"
"Playerxlsx_1644","newplayerTeamData_1518","0.7999999999999999"
"Playerxlsx_1645","newplayerTeamData_1518","0.7999999999999999"
"Playerxlsx_2901","newplayerTeamData_1654","0.7999999999999999"
"Playerxlsx_7043","newplayerTeamData_1171","0.7999999999999999"
"Playerxlsx_12022","newplayerTeamData_1154","0.7999999999999999"
"Playerxlsx_4582","newplayerTeamData_1168","0.7999999999999999"
"Playerxlsx_5894","newplayerTeamData_1265","0.7999999999999999"
"Playerxlsx_6952","newplayerTeamData_1594","0.7999999999999999"
"Playerxlsx_12019","newplayerTeamData_1105","0.7999999999999999"
"Playerxlsx_5894","newplayerTeamData_1237","0.7999999999999999"
"Playerxlsx_4272","newplayerTeamData_1463","0.7999999999999999"
"Playerxlsx_5986","newplayerTeamData_1154","0.7999999999999999"
"Playerxlsx_10311","newplayerTeamData_1724","0.7999999999999999"
"Playerxlsx_5978","newplayerTeamData_1075","0.7999999999999999"
"Playerxlsx_4196","newplayerTeamData_1523","0.7999999999999999"
"Playerxlsx_9418","newplayerTeamData_1477","0.7999999999999999"
"Playerxlsx_10311","newplayerTeamData_1735","0.7999999999999999"
"Playerxlsx_10311","newplayerTeamData_1734","0.7999999999999999"
"Playerxlsx_4582","newplayerTeamData_1048","0.7999999999999999"
"Playerxlsx_4582","newplayerTeamData_1060","0.7999999999999999"
"Playerxlsx_5940","newplayerTeamData_1111","0.7999999999999999"
"Playerxlsx_12019","newplayerTeamData_1074","0.7999999999999999"
"Playerxlsx_5549","newplayerTeamData_1500","0.7999999999999999"
"Playerxlsx_5940","newplayerTeamData_1102","0.7999999999999999"
"Playerxlsx_5976","newplayerTeamData_1098","0.7999999999999999"
"Playerxlsx_5976","newplayerTeamData_1097","0.7999999999999999"
"Playerxlsx_7026","newplayerTeamData_1070","0.7999999999999999"
"Playerxlsx_9490","newplayerTeamData_1419","0.7999999999999999"
"Playerxlsx_9889","newplayerTeamData_1075","0.7999999999999999"
"Playerxlsx_7090","newplayerTeamData_1011","0.7999999999999999"
"Playerxlsx_1668","newplayerTeamData_1528","0.7999999999999999"
"Playerxlsx_1664","newplayerTeamData_1514","0.75"
"Playerxlsx_1668","newplayerTeamData_1516","0.7999999999999999"
"Playerxlsx_9852","newplayerTeamData_1076","0.9999999999999999"
"Playerxlsx_1668","newplayerTeamData_1514","0.9999999999999999"
"Playerxlsx_9847","newplayerTeamData_1070","0.7999999999999999"
"Playerxlsx_6395","newplayerTeamData_1514","0.7999999999999999"
"Playerxlsx_6395","newplayerTeamData_1516","0.7999999999999999"
"Playerxlsx_6395","newplayerTeamData_1528","0.7999999999999999"
"Playerxlsx_3412","newplayerTeamData_1057","0.7999999999999999"
"Playerxlsx_7750","newplayerTeamData_1517","0.7999999999999999"
"Playerxlsx_3410","newplayerTeamData_1070","0.7999999999999999"
"Playerxlsx_8794","newplayerTeamData_1168","0.7999999999999999"
"Playerxlsx_6046","newplayerTeamData_1265","0.7999999999999999"
"Playerxlsx_3839","newplayerTeamData_1454","0.7999999999999999"
"Playerxlsx_3839","newplayerTeamData_1453","0.7999999999999999"
"Playerxlsx_6315","newplayerTeamData_1511","0.9999999999999999"
"Playerxlsx_10130","newplayerTeamData_1727","0.7999999999999999"
"Playerxlsx_2431","newplayerTeamData_1464","0.7999999999999999"
"Playerxlsx_2431","newplayerTeamData_1465","0.7999999999999999"
"Playerxlsx_2549","newplayerTeamData_1530","0.7999999999999999"
"Playerxlsx_6046","newplayerTeamData_1237","0.7999999999999999"
"Playerxlsx_3839","newplayerTeamData_1476","0.7999999999999999"
"Playerxlsx_6418","newplayerTeamData_1651","0.7999999999999999"
"Playerxlsx_4857","newplayerTeamData_1079","0.7999999999999999"
"Playerxlsx_6035","newplayerTeamData_1258","0.7999999999999999"
"Playerxlsx_5031","newplayerTeamData_1611","0.7999999999999999"
"Playerxlsx_3759","newplayerTeamData_1419","0.7999999999999999"
"Playerxlsx_7340","newplayerTeamData_1098","0.7999999999999999"
"Playerxlsx_7340","newplayerTeamData_1097","0.7999999999999999"
"Playerxlsx_7339","newplayerTeamData_1097","0.7999999999999999"
"Playerxlsx_7339","newplayerTeamData_1098","0.7999999999999999"
"Playerxlsx_7374","newplayerTeamData_1097","0.7999999999999999"
"Playerxlsx_7375","newplayerTeamData_1098","0.7999999999999999"
"Playerxlsx_7374","newplayerTeamData_1098","0.7999999999999999"
"Playerxlsx_7375","newplayerTeamData_1097","0.7999999999999999"
"Playerxlsx_3368","newplayerTeamData_1025","0.7999999999999999"
"Playerxlsx_2566","newplayerTeamData_1523","0.7999999999999999"
"Playerxlsx_2095","newplayerTeamData_1171","0.7999999999999999"
"Playerxlsx_6138","newplayerTeamData_1382","0.7999999999999999"
"Playerxlsx_6138","newplayerTeamData_1383","0.7999999999999999"
"Playerxlsx_1258","newplayerTeamData_1648","0.7999999999999999"
"Playerxlsx_7368","newplayerTeamData_1070","0.7999999999999999"
"Playerxlsx_2549","newplayerTeamData_1521","0.7999999999999999"
"Playerxlsx_3921","newplayerTeamData_1523","0.7999999999999999"
"Playerxlsx_7489","newplayerTeamData_1190","0.7999999999999999"
"Playerxlsx_7541","newplayerTeamData_1368","0.7999999999999999"
"Playerxlsx_2549","newplayerTeamData_1509","0.7999999999999999"
"Playerxlsx_2717","newplayerTeamData_1735","0.7999999999999999"
"Playerxlsx_2717","newplayerTeamData_1734","0.7999999999999999"
"Playerxlsx_8794","newplayerTeamData_1048","0.7999999999999999"
"Playerxlsx_3612","newplayerTeamData_1370","0.7999999999999999"
"Playerxlsx_5043","newplayerTeamData_1669","0.7999999999999999"
"Playerxlsx_8794","newplayerTeamData_1060","0.7999999999999999"
"Playerxlsx_3412","newplayerTeamData_1164","0.7999999999999999"
"Playerxlsx_3612","newplayerTeamData_1378","0.7999999999999999"
"Playerxlsx_2717","newplayerTeamData_1724","0.7999999999999999"
"Playerxlsx_11256","newplayerTeamData_1476","0.7999999999999999"
"Playerxlsx_11256","newplayerTeamData_1454","0.7999999999999999"
"Playerxlsx_11256","newplayerTeamData_1453","0.7999999999999999"
"Playerxlsx_7744","newplayerTeamData_1599","0.7999999999999999"
"Playerxlsx_8697","newplayerTeamData_1164","0.7999999999999999"
"Playerxlsx_11261","newplayerTeamData_1514","0.7999999999999999"
"Playerxlsx_11261","newplayerTeamData_1516","0.7999999999999999"
"Playerxlsx_7637","newplayerTeamData_1516","0.7999999999999999"
"Playerxlsx_7637","newplayerTeamData_1514","0.7999999999999999"
"Playerxlsx_4702","newplayerTeamData_1070","0.7999999999999999"
"Playerxlsx_4703","newplayerTeamData_1070","0.7999999999999999"
"Playerxlsx_3736","newplayerTeamData_1265","0.7999999999999999"
"Playerxlsx_11261","newplayerTeamData_1528","0.7999999999999999"
"Playerxlsx_7637","newplayerTeamData_1528","0.7999999999999999"
"Playerxlsx_3736","newplayerTeamData_1237","0.7999999999999999"
"Playerxlsx_2544","newplayerTeamData_1429","0.7999999999999999"
"Playerxlsx_6532","newplayerTeamData_1635","0.7999999999999999"
"Playerxlsx_6532","newplayerTeamData_1625","0.7999999999999999"
"Playerxlsx_7354","newplayerTeamData_1014","0.7999999999999999"
"Playerxlsx_2417","newplayerTeamData_1530","0.7999999999999999"
"Playerxlsx_1045","newplayerTeamData_1594","0.7999999999999999"
"Playerxlsx_7940","newplayerTeamData_1644","0.7999999999999999"
"Playerxlsx_1055","newplayerTeamData_1594","0.7999999999999999"
"Playerxlsx_6427","newplayerTeamData_1717","0.7999999999999999"
"Playerxlsx_3864","newplayerTeamData_1530","0.7999999999999999"
"Playerxlsx_6529","newplayerTeamData_1634","0.7999999999999999"
"Playerxlsx_6528","newplayerTeamData_1634","0.7999999999999999"
"Playerxlsx_6428","newplayerTeamData_1717","0.7999999999999999"
"Playerxlsx_6429","newplayerTeamData_1717","0.7999999999999999"
"Playerxlsx_2445","newplayerTeamData_1528","0.7999999999999999"
"Playerxlsx_3367","newplayerTeamData_1144","0.7999999999999999"
"Playerxlsx_3367","newplayerTeamData_1141","0.7999999999999999"
"Playerxlsx_3367","newplayerTeamData_1140","0.7999999999999999"
"Playerxlsx_1258","newplayerTeamData_1734","0.7999999999999999"
"Playerxlsx_1258","newplayerTeamData_1735","0.7999999999999999"
"Playerxlsx_2445","newplayerTeamData_1514","0.7999999999999999"
"Playerxlsx_2445","newplayerTeamData_1516","0.7999999999999999"
"Playerxlsx_3864","newplayerTeamData_1521","0.7999999999999999"
"Playerxlsx_6309","newplayerTeamData_1471","0.7999999999999999"
"Playerxlsx_1258","newplayerTeamData_1724","0.7999999999999999"
"Playerxlsx_2426","newplayerTeamData_1517","0.7999999999999999"
"Playerxlsx_3864","newplayerTeamData_1509","0.7999999999999999"
"Playerxlsx_2417","newplayerTeamData_1521","0.9999999999999999"
"Playerxlsx_3368","newplayerTeamData_1101","0.7999999999999999"
"Playerxlsx_2406","newplayerTeamData_1507","0.9999999999999999"
"Playerxlsx_2407","newplayerTeamData_1507","0.9999999999999999"
"Playerxlsx_4870","newplayerTeamData_1005","0.7999999999999999"
"Playerxlsx_2417","newplayerTeamData_1509","0.7999999999999999"
"Playerxlsx_7288","newplayerTeamData_1070","0.7999999999999999"
"Playerxlsx_9089","newplayerTeamData_1654","0.7999999999999999"
"Playerxlsx_8697","newplayerTeamData_1057","0.7999999999999999"
"Playerxlsx_6389","newplayerTeamData_1432","0.7999999999999999"
"Playerxlsx_2717","newplayerTeamData_1648","0.7999999999999999"
"Playerxlsx_2634","newplayerTeamData_1713","0.7999999999999999"
"Playerxlsx_2245","newplayerTeamData_1070","0.7999999999999999"
"Playerxlsx_8645","newplayerTeamData_1200","0.9999999999999999"
"Playerxlsx_3736","newplayerTeamData_1168","0.7999999999999999"
"Playerxlsx_11293","newplayerTeamData_1650","0.7999999999999999"
"Playerxlsx_7692","newplayerTeamData_1688","0.7999999999999999"
"Playerxlsx_7258","newplayerTeamData_1260","0.7999999999999999"
"Playerxlsx_3616","newplayerTeamData_1075","0.7999999999999999"
"Playerxlsx_3686","newplayerTeamData_1074","0.7999999999999999"
"Playerxlsx_3612","newplayerTeamData_1097","0.7999999999999999"
"Playerxlsx_3612","newplayerTeamData_1098","0.7999999999999999"
"Playerxlsx_5175","newplayerTeamData_1517","0.7999999999999999"
"Playerxlsx_6544","newplayerTeamData_1517","0.7999999999999999"
"Playerxlsx_11172","newplayerTeamData_1070","0.9999999999999999"
"Playerxlsx_7340","newplayerTeamData_1370","0.7999999999999999"
"Playerxlsx_7374","newplayerTeamData_1378","0.7999999999999999"
"Playerxlsx_7375","newplayerTeamData_1378","0.7999999999999999"
"Playerxlsx_7339","newplayerTeamData_1370","0.7999999999999999"
"Playerxlsx_11561","newplayerTeamData_1521","0.7999999999999999"
"Playerxlsx_7704","newplayerTeamData_1727","0.7999999999999999"
"Playerxlsx_6144","newplayerTeamData_1171","0.7999999999999999"
"Playerxlsx_11561","newplayerTeamData_1509","0.7999999999999999"
"Playerxlsx_6309","newplayerTeamData_1717","0.7999999999999999"
"Playerxlsx_7374","newplayerTeamData_1370","0.7999999999999999"
"Playerxlsx_7375","newplayerTeamData_1370","0.7999999999999999"
"Playerxlsx_7339","newplayerTeamData_1378","0.7999999999999999"
"Playerxlsx_7340","newplayerTeamData_1378","0.7999999999999999"
"Playerxlsx_8775","newplayerTeamData_1371","0.7999999999999999"
"Playerxlsx_6428","newplayerTeamData_1471","0.7999999999999999"
"Playerxlsx_6429","newplayerTeamData_1471","0.7999999999999999"
"Playerxlsx_6427","newplayerTeamData_1471","0.7999999999999999"
"Playerxlsx_11561","newplayerTeamData_1530","0.7999999999999999"
"Playerxlsx_7541","newplayerTeamData_1112","0.7999999999999999"
"Playerxlsx_7541","newplayerTeamData_1113","0.7999999999999999"
"Playerxlsx_2411","newplayerTeamData_1634","0.7999999999999999"
"Playerxlsx_8654","newplayerTeamData_1193","0.9999999999999999"
"Playerxlsx_9067","newplayerTeamData_1523","0.7999999999999999"
"Playerxlsx_9059","newplayerTeamData_1516","0.7999999999999999"
"Playerxlsx_9059","newplayerTeamData_1514","0.7999999999999999"
"Playerxlsx_9059","newplayerTeamData_1528","0.7999999999999999"
"Playerxlsx_9052","newplayerTeamData_1517","0.7999999999999999"
"Playerxlsx_3736","newplayerTeamData_1048","0.7999999999999999"
"Playerxlsx_3686","newplayerTeamData_1105","0.7999999999999999"
"Playerxlsx_3736","newplayerTeamData_1060","0.7999999999999999"
"Playerxlsx_6389","newplayerTeamData_1654","0.7999999999999999"
"Playerxlsx_4923","newplayerTeamData_1070","0.7999999999999999"
"Playerxlsx_8794","newplayerTeamData_1237","0.7999999999999999"
"Playerxlsx_11256","newplayerTeamData_1721","0.7999999999999999"
"Playerxlsx_8794","newplayerTeamData_1265","0.7999999999999999"
"Playerxlsx_9089","newplayerTeamData_1432","0.7999999999999999"
"Playerxlsx_11293","newplayerTeamData_1731","0.7999999999999999"
"Playerxlsx_7487","newplayerTeamData_1171","0.7999999999999999"
"Playerxlsx_10104","newplayerTeamData_1599","0.7999999999999999"
"Playerxlsx_1135","newplayerTeamData_1669","0.7999999999999999"
"Playerxlsx_11442","newplayerTeamData_1528","0.7999999999999999"
"Playerxlsx_7824","newplayerTeamData_1524","0.9999999999999999"
"Playerxlsx_11442","newplayerTeamData_1514","0.7999999999999999"
"Playerxlsx_11442","newplayerTeamData_1516","0.7999999999999999"
"Playerxlsx_2563","newplayerTeamData_1671","0.7999999999999999"
"Playerxlsx_6007","newplayerTeamData_1070","0.7999999999999999"
"Playerxlsx_6046","newplayerTeamData_1168","0.7999999999999999"
"Playerxlsx_7354","newplayerTeamData_1253","0.7999999999999999"
"Playerxlsx_1199","newplayerTeamData_1528","0.9999999999999999"
"Playerxlsx_1199","newplayerTeamData_1514","0.7999999999999999"
"Playerxlsx_1199","newplayerTeamData_1516","0.7999999999999999"
"Playerxlsx_1147","newplayerTeamData_1695","0.7999999999999999"
"Playerxlsx_10116","newplayerTeamData_1516","0.7999999999999999"
"Playerxlsx_10116","newplayerTeamData_1514","0.7999999999999999"
"Playerxlsx_10116","newplayerTeamData_1528","0.7999999999999999"
"Playerxlsx_6046","newplayerTeamData_1060","0.7999999999999999"
"Playerxlsx_2691","newplayerTeamData_1514","0.7999999999999999"
"Playerxlsx_2691","newplayerTeamData_1516","0.7999999999999999"
"Playerxlsx_2691","newplayerTeamData_1528","0.7999999999999999"
"Playerxlsx_3979","newplayerTeamData_1651","0.7999999999999999"
"Playerxlsx_6046","newplayerTeamData_1048","0.7999999999999999"
"Playerxlsx_11545","newplayerTeamData_1446","0.7999999999999999"
"Playerxlsx_3839","newplayerTeamData_1721","0.7999999999999999"
"Playerxlsx_4940","newplayerTeamData_1149","0.7999999999999999"
"Playerxlsx_1203","newplayerTeamData_1507","0.7999999999999999"
"Playerxlsx_3495","newplayerTeamData_1211","0.7999999999999999"
"Playerxlsx_6010","newplayerTeamData_1646","0.7999999999999999"
"Playerxlsx_2544","newplayerTeamData_1123","0.7999999999999999"
"Playerxlsx_3883","newplayerTeamData_1075","0.7999999999999999"
"Playerxlsx_6309","newplayerTeamData_1097","0.7999999999999999"
"Playerxlsx_6309","newplayerTeamData_1098","0.7999999999999999"
"Playerxlsx_10104","newplayerTeamData_1268","0.7999999999999999"
"Playerxlsx_7541","newplayerTeamData_1714","0.7999999999999999"
"Playerxlsx_3448","newplayerTeamData_1518","0.7999999999999999"
"Playerxlsx_8730","newplayerTeamData_1594","0.7999999999999999"
"Playerxlsx_11323","newplayerTeamData_1075","0.7999999999999999"
"Playerxlsx_11380","newplayerTeamData_1075","0.7999999999999999"
"Playerxlsx_3612","newplayerTeamData_1717","0.7999999999999999"
"Playerxlsx_4802","newplayerTeamData_1523","0.7999999999999999"
"Playerxlsx_3410","newplayerTeamData_1516","0.7999999999999999"
"Playerxlsx_3410","newplayerTeamData_1514","0.7999999999999999"
"Playerxlsx_3410","newplayerTeamData_1528","0.7999999999999999"
"Playerxlsx_6395","newplayerTeamData_1070","0.7999999999999999"
"Playerxlsx_3686","newplayerTeamData_1721","0.7999999999999999"
"Playerxlsx_1216","newplayerTeamData_1189","0.9999999999999999"
"Playerxlsx_6144","newplayerTeamData_1724","0.7999999999999999"
"Playerxlsx_7368","newplayerTeamData_1528","0.7999999999999999"
"Playerxlsx_7487","newplayerTeamData_1648","0.7999999999999999"
"Playerxlsx_2090","newplayerTeamData_1594","0.75"
"Playerxlsx_6520","newplayerTeamData_1396","0.7999999999999999"
"Playerxlsx_7368","newplayerTeamData_1516","0.7999999999999999"
"Playerxlsx_7368","newplayerTeamData_1514","0.7999999999999999"
"Playerxlsx_7341","newplayerTeamData_1518","0.7999999999999999"
"Playerxlsx_6144","newplayerTeamData_1734","0.7999999999999999"
"Playerxlsx_6144","newplayerTeamData_1735","0.7999999999999999"
"Playerxlsx_2512","newplayerTeamData_1075","0.7999999999999999"
"Playerxlsx_7356","newplayerTeamData_1523","0.7999999999999999"
"Playerxlsx_3343","newplayerTeamData_1444","0.7999999999999999"
"Playerxlsx_4786","newplayerTeamData_1521","0.7999999999999999"
"Playerxlsx_7375","newplayerTeamData_1471","0.7999999999999999"
"Playerxlsx_7363","newplayerTeamData_1482","0.7999999999999999"
"Playerxlsx_9089","newplayerTeamData_1211","0.7999999999999999"
"Playerxlsx_7362","newplayerTeamData_1482","0.7999999999999999"
"Playerxlsx_7334","newplayerTeamData_1455","0.7999999999999999"
"Playerxlsx_7374","newplayerTeamData_1471","0.7999999999999999"
"Playerxlsx_7335","newplayerTeamData_1455","0.7999999999999999"
"Playerxlsx_3777","newplayerTeamData_1075","0.9999999999999999"
"Playerxlsx_7334","newplayerTeamData_1461","0.7999999999999999"
"Playerxlsx_7335","newplayerTeamData_1461","0.7999999999999999"
"Playerxlsx_2563","newplayerTeamData_1014","0.7999999999999999"
"Playerxlsx_7362","newplayerTeamData_1460","0.7999999999999999"
"Playerxlsx_7363","newplayerTeamData_1460","0.7999999999999999"
"Playerxlsx_4786","newplayerTeamData_1509","0.7999999999999999"
"Playerxlsx_7340","newplayerTeamData_1471","0.7999999999999999"
"Playerxlsx_7339","newplayerTeamData_1471","0.7999999999999999"
"Playerxlsx_3839","newplayerTeamData_1105","0.7999999999999999"
"Playerxlsx_2544","newplayerTeamData_1039","0.7999999999999999"
"Playerxlsx_2431","newplayerTeamData_1110","0.7999999999999999"
"Playerxlsx_7311","newplayerTeamData_1443","0.7999999999999999"
"Playerxlsx_2546","newplayerTeamData_1017","0.7999999999999999"
"Playerxlsx_2547","newplayerTeamData_1017","0.7999999999999999"
"Playerxlsx_7637","newplayerTeamData_1070","0.7999999999999999"
"Playerxlsx_11261","newplayerTeamData_1070","0.7999999999999999"
"Playerxlsx_4702","newplayerTeamData_1528","0.7999999999999999"
"Playerxlsx_4703","newplayerTeamData_1528","0.7999999999999999"
"Playerxlsx_11256","newplayerTeamData_1074","0.7999999999999999"
"Playerxlsx_4717","newplayerTeamData_1521","0.7999999999999999"
"Playerxlsx_4702","newplayerTeamData_1516","0.7999999999999999"
"Playerxlsx_4703","newplayerTeamData_1516","0.7999999999999999"
"Playerxlsx_4702","newplayerTeamData_1514","0.7999999999999999"
"Playerxlsx_4703","newplayerTeamData_1514","0.7999999999999999"
"Playerxlsx_4717","newplayerTeamData_1509","0.7999999999999999"
"Playerxlsx_8658","newplayerTeamData_1586","0.7999999999999999"
"Playerxlsx_5191","newplayerTeamData_1265","0.7999999999999999"
"Playerxlsx_11256","newplayerTeamData_1105","0.7999999999999999"
"Playerxlsx_5191","newplayerTeamData_1237","0.7999999999999999"
"Playerxlsx_2327","newplayerTeamData_1634","0.7999999999999999"
"Playerxlsx_7288","newplayerTeamData_1516","0.7999999999999999"
"Playerxlsx_7288","newplayerTeamData_1514","0.7999999999999999"
"Playerxlsx_7288","newplayerTeamData_1528","0.7999999999999999"
"Playerxlsx_7751","newplayerTeamData_1020","0.7999999999999999"
"Playerxlsx_4717","newplayerTeamData_1530","0.7999999999999999"
"Playerxlsx_10169","newplayerTeamData_1265","0.7999999999999999"
"Playerxlsx_7711","newplayerTeamData_1020","0.7999999999999999"
"Playerxlsx_10169","newplayerTeamData_1237","0.7999999999999999"
"Playerxlsx_4778","newplayerTeamData_1534","0.7999999999999999"
"Playerxlsx_7487","newplayerTeamData_1735","0.7999999999999999"
"Playerxlsx_7487","newplayerTeamData_1734","0.7999999999999999"
"Playerxlsx_6429","newplayerTeamData_1378","0.7999999999999999"
"Playerxlsx_6428","newplayerTeamData_1378","0.7999999999999999"
"Playerxlsx_6427","newplayerTeamData_1370","0.7999999999999999"
"Playerxlsx_2445","newplayerTeamData_1070","0.7999999999999999"
"Playerxlsx_3851","newplayerTeamData_1075","0.7999999999999999"
"Playerxlsx_7487","newplayerTeamData_1724","0.7999999999999999"
"Playerxlsx_6429","newplayerTeamData_1370","0.7999999999999999"
"Playerxlsx_6428","newplayerTeamData_1370","0.7999999999999999"
"Playerxlsx_6427","newplayerTeamData_1378","0.7999999999999999"
"Playerxlsx_4786","newplayerTeamData_1530","0.7999999999999999"
"Playerxlsx_3839","newplayerTeamData_1074","0.7999999999999999"
"Playerxlsx_6144","newplayerTeamData_1648","0.7999999999999999"
"Playerxlsx_3495","newplayerTeamData_1432","0.7999999999999999"
"Playerxlsx_7559","newplayerTeamData_1646","0.7999999999999999"
"Playerxlsx_11560","newplayerTeamData_1075","0.7999999999999999"
"Playerxlsx_11172","newplayerTeamData_1514","0.7999999999999999"
"Playerxlsx_11172","newplayerTeamData_1516","0.7999999999999999"
"Playerxlsx_7536","newplayerTeamData_1521","0.7999999999999999"
"Playerxlsx_10212","newplayerTeamData_1135","0.7999999999999999"
"Playerxlsx_11172","newplayerTeamData_1528","0.7999999999999999"
"Playerxlsx_7536","newplayerTeamData_1509","0.9999999999999999"
"Playerxlsx_10169","newplayerTeamData_1048","0.7999999999999999"
"Playerxlsx_10169","newplayerTeamData_1060","0.7999999999999999"
"Playerxlsx_3970","newplayerTeamData_1371","0.7999999999999999"
"Playerxlsx_2095","newplayerTeamData_1724","0.7999999999999999"
"Playerxlsx_2095","newplayerTeamData_1735","0.7999999999999999"
"Playerxlsx_2095","newplayerTeamData_1734","0.7999999999999999"
"Playerxlsx_7692","newplayerTeamData_1223","0.7999999999999999"
"Playerxlsx_5191","newplayerTeamData_1060","0.7999999999999999"
"Playerxlsx_5191","newplayerTeamData_1048","0.7999999999999999"
"Playerxlsx_5174","newplayerTeamData_1075","0.7999999999999999"
"Playerxlsx_2245","newplayerTeamData_1516","0.9999999999999999"
"Playerxlsx_2245","newplayerTeamData_1514","0.7999999999999999"
"Playerxlsx_2717","newplayerTeamData_1171","0.7999999999999999"
"Playerxlsx_2245","newplayerTeamData_1528","0.7999999999999999"
"Playerxlsx_3632","newplayerTeamData_1517","0.7999999999999999"
"Playerxlsx_9059","newplayerTeamData_1070","0.7999999999999999"
"Playerxlsx_11293","newplayerTeamData_1271","0.7999999999999999"
"Playerxlsx_5054","newplayerTeamData_1011","0.7999999999999999"
"Playerxlsx_5191","newplayerTeamData_1168","0.7999999999999999"
"Playerxlsx_6001","newplayerTeamData_1482","0.7999999999999999"
"Playerxlsx_6000","newplayerTeamData_1482","0.7999999999999999"
"Playerxlsx_6000","newplayerTeamData_1460","0.7999999999999999"
"Playerxlsx_6001","newplayerTeamData_1460","0.7999999999999999"
"Playerxlsx_3759","newplayerTeamData_1266","0.7999999999999999"
"Playerxlsx_2186","newplayerTeamData_1477","0.7999999999999999"
"Playerxlsx_10169","newplayerTeamData_1168","0.7999999999999999"
"Playerxlsx_6010","newplayerTeamData_1424","0.7999999999999999"
"Playerxlsx_7340","newplayerTeamData_1717","0.7999999999999999"
"Playerxlsx_4778","newplayerTeamData_1683","0.7999999999999999"
"Playerxlsx_6309","newplayerTeamData_1378","0.7999999999999999"
"Playerxlsx_7339","newplayerTeamData_1717","0.7999999999999999"
"Playerxlsx_7375","newplayerTeamData_1717","0.7999999999999999"
"Playerxlsx_7374","newplayerTeamData_1717","0.7999999999999999"
"Playerxlsx_6309","newplayerTeamData_1370","0.7999999999999999"
"Playerxlsx_11000","newplayerTeamData_1463","0.7999999999999999"
"Playerxlsx_11188","newplayerTeamData_1513","0.7999999999999999"
"Playerxlsx_7536","newplayerTeamData_1530","0.7999999999999999"
"Playerxlsx_6427","newplayerTeamData_1098","0.7999999999999999"
"Playerxlsx_6007","newplayerTeamData_1514","0.7999999999999999"
"Playerxlsx_6427","newplayerTeamData_1097","0.7999999999999999"
"Playerxlsx_6007","newplayerTeamData_1516","0.7999999999999999"
"Playerxlsx_10212","newplayerTeamData_1015","0.7999999999999999"
"Playerxlsx_6007","newplayerTeamData_1528","0.7999999999999999"
"Playerxlsx_10212","newplayerTeamData_1007","0.7999999999999999"
"Playerxlsx_2095","newplayerTeamData_1648","0.7999999999999999"
"Playerxlsx_3495","newplayerTeamData_1654","0.7999999999999999"
"Playerxlsx_1199","newplayerTeamData_1070","0.7999999999999999"
"Playerxlsx_7559","newplayerTeamData_1424","0.7999999999999999"
"Playerxlsx_6428","newplayerTeamData_1097","0.7999999999999999"
"Playerxlsx_6429","newplayerTeamData_1097","0.7999999999999999"
"Playerxlsx_6429","newplayerTeamData_1098","0.7999999999999999"
"Playerxlsx_6428","newplayerTeamData_1098","0.7999999999999999"
"Playerxlsx_7354","newplayerTeamData_1671","0.7999999999999999"
"Playerxlsx_1258","newplayerTeamData_1171","0.7999999999999999"
"Playerxlsx_2431","newplayerTeamData_1374","0.7999999999999999"
"Playerxlsx_11463","newplayerTeamData_1075","0.7999999999999999"
"Playerxlsx_2563","newplayerTeamData_1253","0.7999999999999999"
"Playerxlsx_11442","newplayerTeamData_1070","0.7999999999999999"
"Playerxlsx_10052","newplayerTeamData_1088","0.9999999999999999"
"Playerxlsx_3711","newplayerTeamData_1463","0.7999999999999999"
"Playerxlsx_2508","newplayerTeamData_1269","0.7999999999999999"
"Playerxlsx_4923","newplayerTeamData_1516","0.7999999999999999"
"Playerxlsx_4923","newplayerTeamData_1514","0.7999999999999999"
"Playerxlsx_4919","newplayerTeamData_1522","0.9999999999999999"
"Playerxlsx_4923","newplayerTeamData_1528","0.7999999999999999"
"Playerxlsx_3686","newplayerTeamData_1476","0.7999999999999999"
"Playerxlsx_3686","newplayerTeamData_1453","0.7999999999999999"
"Playerxlsx_3686","newplayerTeamData_1454","0.7999999999999999"
"Playerxlsx_3604","newplayerTeamData_1507","0.7999999999999999"
"Playerxlsx_7744","newplayerTeamData_1268","0.7999999999999999"
"Playerxlsx_4957","newplayerTeamData_1547","0.7999999999999999"
"Playerxlsx_3612","newplayerTeamData_1471","0.7999999999999999"
"Playerxlsx_6389","newplayerTeamData_1211","0.7999999999999999"
"Playerxlsx_6532","newplayerTeamData_1018","0.7999999999999999"
"Playerxlsx_7541","newplayerTeamData_1480","0.7999999999999999"
"Playerxlsx_7541","newplayerTeamData_1448","0.7999999999999999"
"Playerxlsx_5031","newplayerTeamData_1156","0.7999999999999999"
"Playerxlsx_10116","newplayerTeamData_1070","0.7999999999999999"
"Playerxlsx_2294","newplayerTeamData_1463","0.7999999999999999"
"Playerxlsx_2255","newplayerTeamData_1491","0.7999999999999999"
"Playerxlsx_7721","newplayerTeamData_1227","0.7999999999999999"
"Playerxlsx_2691","newplayerTeamData_1070","0.7999999999999999"
"Playerxlsx_8811","newplayerTeamData_1547","0.7999999999999999"
